[
  {
    "attributes" : {
      "items" : [
        {
          "attributes" : {
            "title" : "Nozioni di base"
          },
          "operation" : "create",
          "type" : "heading"
        },
        {
          "attributes" : {
            "notes" : "Stai guardando un’attività! Completala facendo clic sulla casella di spunta a sinistra. Le attività completate vengono raccolte in fondo al progetto.",
            "title" : "Fai doppio clic su questa attività"
          },
          "operation" : "create",
          "type" : "to-do"
        },
        {
          "attributes" : {
            "notes" : "Tocca a te: premi ⌘N sulla tastiera.",
            "title" : "Crea una nuova attività"
          },
          "operation" : "create",
          "type" : "to-do"
        },
        {
          "attributes" : {
            "notes" : "Fai clic sul pulsante calendario in basso per pianificare quando eseguire l’attività. Seleziona Oggi.",
            "title" : "Aggiungi l’attività all’elenco Oggi"
          },
          "operation" : "create",
          "type" : "to-do"
        },
        {
          "attributes" : {
            "notes" : "Fai clic sul tasto calendario, ma questa volta seleziona una data futura. Quando arriva quella data, l’attività appare automaticamente nell’elenco Oggi.\n\nNei progetti le attività programmate per una data successiva vengono mostrate alla fine.",
            "title" : "Programma l’attività per più tardi"
          },
          "operation" : "create",
          "type" : "to-do"
        },
        {
          "attributes" : {
            "notes" : "Vai in File → Nuova intestazione per creare un'intestazione, quindi trascina l'attività sotto a essa.",
            "title" : "Crea una nuova intestazione"
          },
          "operation" : "create",
          "type" : "to-do"
        },
        {
          "attributes" : {
            "notes" : "Nella parte inferiore della barra laterale fai clic su \"+ Nuovo elenco\" per aggiungere un tuo progetto.",
            "title" : "Crea un progetto"
          },
          "operation" : "create",
          "type" : "to-do"
        },
        {
          "attributes" : {
            "notes" : "Crea un'area per ogni sfera della tua vita, quali Lavoro, Famiglia, Finanze e altro. Puoi inserirvi i tuoi progetti per rimanere organizzato.\n\nIn fondo alla barra laterale fai clic su \"+ Nuovo elenco\"per crearne uno.\n\nA differenza dei progetti, le aree non sono mai completate.",
            "title" : "Organizzare con aree"
          },
          "operation" : "create",
          "type" : "to-do"
        },
        {
          "attributes" : {
            "notes" : "Questo è tutto ciò che devi sapere. Inizia ad aggiungere i tuoi progetti e le attività.\n\nPuoi tornare a questo progetto più tardi per conoscere le funzioni avanzate. Quando hai terminato questo progetto, fai clic sul cerchio di stato in alto per segnarlo come completato.\n\nCi auguriamo che ti piaccia Things!",
            "title" : "Hai finito!"
          },
          "operation" : "create",
          "type" : "to-do"
        },
        {
          "attributes" : {
            "title" : "Perfeziona la tua configurazione"
          },
          "operation" : "create",
          "type" : "heading"
        },
        {
          "attributes" : {
            "notes" : "Puoi connettere i tuoi calendari con Things e vedere insieme tutti i tuoi eventi e le attività. Per attivarlo vai in Things → Impostazioni (o Preferenze) → Calendario.",
            "title" : "Mostra eventi Calendario"
          },
          "operation" : "create",
          "type" : "to-do"
        },
        {
          "attributes" : {
            "checklist-items" : [
              {
                "attributes" : {
                  "title" : "Nell'angolo in alto a destra dello schermo fai clic sull'ora per mostrare il Centro Notifiche"
                },
                "operation" : "create",
                "type" : "checklist-item"
              },
              {
                "attributes" : {
                  "title" : "In basso al Centro Notifiche fai clic sul pulsante \"Modifica widget\""
                },
                "operation" : "create",
                "type" : "checklist-item"
              },
              {
                "attributes" : {
                  "title" : "Cerca Things e aggiungi un widget (assicurati di aggiungere un widget per la versione di Things per il Mac, non per la versione per iPhone)"
                },
                "operation" : "create",
                "type" : "checklist-item"
              },
              {
                "attributes" : {
                  "title" : "Fai clic destro sul widget per modificare l'elenco da mostrare"
                },
                "operation" : "create",
                "type" : "checklist-item"
              }
            ],
            "notes" : "Con i widget puoi accedere rapidamente ai tuoi elenchi dalla Scrivania del Mac (macOS 14 o successivi) o dal Centro Notifiche sul lato destro dello schermo.\n\nPuoi aggiungere tutti i widget che vuoi. Ecco come fare:",
            "title" : "Aggiungi alcuni widget"
          },
          "operation" : "create",
          "type" : "to-do"
        },
        {
          "attributes" : {
            "notes" : "Things Cloud sincronizza le tue attività tra Mac, iPad, iPhone, Watch e Vision Pro. Vai nelle Impostazioni di Things → Impostazioni (o Preferenze) → Things Cloud per creare un account gratuito.\n\nAnche se usi solo un dispositivo, ti consigliamo di creare un account Things Cloud per assicurarti che venga sempre eseguito un backup dei tuoi dati.",
            "title" : "Sincronizza i tuoi dispositivi"
          },
          "operation" : "create",
          "type" : "to-do"
        },
        {
          "attributes" : {
            "title" : "Aumenta la tua produttività"
          },
          "operation" : "create",
          "type" : "heading"
        },
        {
          "attributes" : {
            "notes" : "Usa Inserimento rapido per aggiungere le attività da qualunque applicazione in cui ti trovi. Premi Ctrl+Spazio per provarlo.",
            "title" : "Aggiungi attività da qualunque posizione"
          },
          "operation" : "create",
          "type" : "to-do"
        },
        {
          "attributes" : {
            "notes" : "Puoi creare collegamenti ad e-mail, file e pagine web semplicemente trascinandoli in una nota di un’attività.\n\nMeglio ancora: puoi usare la funzione Riempimento automatico dell’Inserimento rapido per farlo automaticamente. Per abilitare Riempimento automatico vai in Things → Impostazioni (o Preferenze) → Inserimento rapido.",
            "title" : "Collegamenti ad e-mail, file e pagine web"
          },
          "operation" : "create",
          "type" : "to-do"
        },
        {
          "attributes" : {
            "notes" : "Trovare le cose è veramente facile con la Ricerca rapida. Comprimi quest’attività e inizia a scrivere, ad esempio il nome di un elenco, di un progetto o di un’etichetta e li trovi subito.",
            "title" : "Cerca e naviga con Ricerca rapida"
          },
          "operation" : "create",
          "type" : "to-do"
        },
        {
          "attributes" : {
            "notes" : "Le etichette ti consentono di personalizzare il tuo flusso di lavoro in Things.\n\nAd esempio, puoi…\n- usare etichette per luoghi come “Ufficio” o “Casa”;\n- contrassegnare tutti i tuoi “Acquisti”;\n- assegnare una priorità con un’etichetta “Importante”;\n- aggiungere un’etichetta ai compiti sui cui stai lavorando con “Diana”;\n- oppure creare le tue etichette.\n\nPer aggiungere un’etichetta fai clic sul pulsante etichetta in basso. Per vedere tutte le attività con una determinata etichetta usa Ricerca rapida.",
            "title" : "Aggiungi etichette alle attività"
          },
          "operation" : "create",
          "type" : "to-do"
        },
        {
          "attributes" : {
            "checklist-items" : [
              {
                "attributes" : {
                  "title" : "Riscaldare il forno a 175°C"
                },
                "operation" : "create",
                "type" : "checklist-item"
              },
              {
                "attributes" : {
                  "title" : "Mescolare 1 tazza di burro di arachidi, 1 tazza di zucchero e 1 uovo con una frusta elettrica fino a ottenere un composto cremoso"
                },
                "operation" : "create",
                "type" : "checklist-item"
              },
              {
                "attributes" : {
                  "title" : "Distribuire delle palline su una teglia e con una forchetta appiattire le palline formando una specie di griglia sulla superficie"
                },
                "operation" : "create",
                "type" : "checklist-item"
              },
              {
                "attributes" : {
                  "title" : "Infornare per circa 10 minuti, quindi lasciare raffreddare per 2 minuti"
                },
                "operation" : "create",
                "type" : "checklist-item"
              }
            ],
            "notes" : "Dividi un’attività in azioni più piccole aggiungendo un elenco di controllo. Puoi usarlo per gestire la routine quotidiana, preparare una valigia, creare una lista della spesa e altro.\n\nChi l’avrebbe mai detto che è così facile fare i biscotti al burro di arachidi? 😃",
            "title" : "Esegui passo per passo con elenchi di controllo"
          },
          "operation" : "create",
          "type" : "to-do"
        },
        {
          "attributes" : {
            "notes" : "È una buona abitudine controllare l’elenco Oggi ogni mattina per vedere le cose da fare. Ma per attività che non devi assolutamente perdere, conviene impostare un promemoria.\n\nFai clic sul pulsante calendario in basso e scrivi \"lunedì 15\".",
            "title" : "Imposta un promemoria per non dimenticare"
          },
          "operation" : "create",
          "type" : "to-do"
        },
        {
          "attributes" : {
            "notes" : "Se usi Things per gestire sia la tua vita privata che lavorativa troverai comodo poter impostare alcune attività da fare più tardi nella giornata. Fai clic sul pulsante calendario in basso e seleziona \"Questa sera\".",
            "title" : "Programma la tua serata"
          },
          "operation" : "create",
          "type" : "to-do"
        },
        {
          "attributes" : {
            "notes" : "Nascondi la barra laterale per lavorare senza distrazioni. Trascina verso sinistra la maniglia della barra laterale o premi ⌘\/",
            "title" : "Nascondi la barra laterale per concentrarti sul lavoro"
          },
          "operation" : "create",
          "type" : "to-do"
        },
        {
          "attributes" : {
            "notes" : "Quando organizzi le tue attività può essere molto utile tenere aperti più elenchi, uno accanto all’altro. Fai clic destro su un elenco nella barra laterale per aprirlo in un’altra finestra.",
            "title" : "Apri finestre multiple"
          },
          "operation" : "create",
          "type" : "to-do"
        },
        {
          "attributes" : {
            "checklist-items" : [
              {
                "attributes" : {
                  "title" : "Attività n. 1"
                },
                "operation" : "create",
                "type" : "checklist-item"
              },
              {
                "attributes" : {
                  "title" : "Attività n. 2"
                },
                "operation" : "create",
                "type" : "checklist-item"
              }
            ],
            "notes" : "A volte quando crei le attività ti accorgi solo in seguito che si tratta di un progetto più complesso. Nessun problema! Nella barra strumenti in basso fai clic su ••• e seleziona Converti in progetto.\n\nQuesti elementi dell’elenco di controllo diventano attività all’interno del tuo nuovo progetto:",
            "title" : "Converti un’attività in un progetto"
          },
          "operation" : "create",
          "type" : "to-do"
        },
        {
          "attributes" : {
            "notes" : "Ci sono alcune cose che fai ogni giorno, settimana o mese. Crea un’attività ricorrente e Things te la ricorderà automaticamente il giorno esatto. Ti fa risparmiare del tempo e ti rende coerente.\n\nPer crearne una, vai in File → Nuova attività ricorrente.",
            "title" : "Ripeti le tue attività"
          },
          "operation" : "create",
          "type" : "to-do"
        },
        {
          "attributes" : {
            "notes" : "Per scoprire tutte le abbreviazioni in Things vai in Aiuto → Abbreviazioni da tastiera. Ecco le più importanti:\n\n⌘S: seleziona l’inizio di un’attività\n⌘T: segna un’attività per Oggi\n⌘⇧M: sposta un’attività in un altro elenco\n\n⌘↑: sposta in alto un’attività\n⌘↓: sposta in basso un’attività",
            "title" : "Le abbreviazioni da tastiera"
          },
          "operation" : "create",
          "type" : "to-do"
        },
        {
          "attributes" : {
            "notes" : "Things supporta Markdown per dare una struttura e uno stile alle tue note.\n\nSe non conosci Markdown, ecco come funziona. Per dare enfasi a una parola, circondala con asterischi, in questo modo: *importante*. Come puoi vedere, Things lo rileva e visualizza la parola in corsivo. Se rimuovi gli asterischi, la parola tornerà normale.\n\nEcco qualche altro esempio:\n- Usa due asterischi per rendere il testo **grassetto**\n- Usa i due punti per ::evidenziare testo::\n- Inserisci \"#\" all'inizio di una riga per creare un'intestazione, in questo modo:\n\n# Questa è un’intestazione\n\n---\n\nMarkdown è un po' strano, ma è ottimo per dare rapidamente uno stile al testo mentre scrivi. Puoi anche utilizzare scorciatoie da tastiera, che troverai in Modifica → Markdown.\n\nPer saperne di più, consulta la nostra Guida Markdown: culturedcode.com\/things\/help\/markdown\/",
            "title" : "Struttura le tue note con Markdown"
          },
          "operation" : "create",
          "type" : "to-do"
        },
        {
          "attributes" : {
            "title" : "Un’ultima cosa…"
          },
          "operation" : "create",
          "type" : "heading"
        },
        {
          "attributes" : {
            "notes" : "Ricevi sempre le ultime notizie su nuove funzioni e sviluppi futuri. Seguici sulle reti sociali o iscriviti alla nostra newsletter: culturedcode.com\/follow\/",
            "title" : "Resta aggiornato"
          },
          "operation" : "create",
          "type" : "to-do"
        },
        {
          "attributes" : {
            "notes" : "Se ti piace Things, valutala su App Store – per noi significa molto!\n\nculturedcode.com\/things\/mac\/appstore\/",
            "title" : "Valuta l’app"
          },
          "operation" : "create",
          "type" : "to-do"
        },
        {
          "attributes" : {
            "notes" : "Puoi ottenere l'app anche sui tuoi altri dispositivi. Things tiene tutto sincronizzato. ✨\n\niPad: culturedcode.com\/things\/ipad\/appstore\/\niPhone: culturedcode.com\/things\/iphone\/appstore\/\nVision: culturedcode.com\/things\/vision\/appstore\/",
            "title" : "Ottieni Things per i tuoi altri dispositivi"
          },
          "operation" : "create",
          "type" : "to-do"
        },
        {
          "attributes" : {
            "notes" : "Se hai delle domande, abbiamo un’ottima raccolta di articoli di supporto sul nostro sito web. Puoi anche inviarci un messaggio e saremo felici di aiutarti!\n\nculturedcode.com\/things\/support\/",
            "title" : "Hai delle domande? Siamo qui per aiutare!"
          },
          "operation" : "create",
          "type" : "to-do"
        }
      ],
      "notes" : "Questo progetto ti mostra tutto ciò che devi sapere per imparare a usare Things. Puoi giocarci e provare tutte le funzioni. Non temere, puoi sempre creare un nuovo progetto dal menu Aiuto.",
      "title" : "Prova Things per Mac"
    },
    "operation" : "create",
    "type" : "project"
  }
]
