[
  {
    "attributes" : {
      "items" : [
        {
          "attributes" : {
            "title" : "Grundkenntnisse"
          },
          "operation" : "create",
          "type" : "heading"
        },
        {
          "attributes" : {
            "notes" : "Du siehst dir gerade eine Aufgabe an. Erledige sie, indem du auf die Checkbox klickst, die sich links neben der Aufgabe befindet. Erledigte Aufgaben werden am unteren Rand deines Projekts gesammelt.",
            "title" : "Doppelklicke auf diese Aufgabe"
          },
          "operation" : "create",
          "type" : "to-do"
        },
        {
          "attributes" : {
            "notes" : "Du bist dran – drücke auf deiner Tastatur ⌘N.",
            "title" : "Erstelle eine neue Aufgabe"
          },
          "operation" : "create",
          "type" : "to-do"
        },
        {
          "attributes" : {
            "notes" : "Klicke auf den Kalender-Button, um festzulegen, wann du diese Aufgabe bearbeiten wirst. Wähle „Heute“ aus.",
            "title" : "Füge diese Aufgabe zu deiner Heute-Liste hinzu"
          },
          "operation" : "create",
          "type" : "to-do"
        },
        {
          "attributes" : {
            "notes" : "Klicke erneut auf den Kalender-Button, wähle diesmal aber ein in der Zukunft liegendes Datum aus. Die Aufgabe erscheint automatisch in der Liste „Heute“, sobald das eingegebene Datum erreicht wird.\n\nInnerhalb von Projekten werden Aufgaben, die für einen späteren Zeitpunkt geplant sind, unten angezeigt.",
            "title" : "Plane diese Aufgabe für später ein"
          },
          "operation" : "create",
          "type" : "to-do"
        },
        {
          "attributes" : {
            "notes" : "Erstelle über „Ablage“→„Neue Überschrift“ eine neue Überschrift. Ziehe dann diese Aufgabe unter die neue Überschrift.",
            "title" : "Erstelle eine neue Überschrift"
          },
          "operation" : "create",
          "type" : "to-do"
        },
        {
          "attributes" : {
            "notes" : "Auf zu größeren Dingen! Klicke am unteren Ende der Seitenleiste auf „+ Neue Liste“, um ein eigenes Projekt hinzuzufügen.",
            "title" : "Erstelle ein Projekt"
          },
          "operation" : "create",
          "type" : "to-do"
        },
        {
          "attributes" : {
            "notes" : "Erstelle einen Bereich für jeden Aspekt deines Lebens – Arbeit, Familie, Finanzen und so weiter. Du kannst deine Projekte diesen Bereichen zuordnen, um Ordnung zu halten.\n\nKlicke unten in der Seitenleiste auf „+ Neue Liste“, um eine anzulegen.\n\nIm Gegensatz zu Projekten werden Bereiche nie abgeschlossen.",
            "title" : "Sorge mit Bereichen für Ordnung"
          },
          "operation" : "create",
          "type" : "to-do"
        },
        {
          "attributes" : {
            "notes" : "Das war nun eigentlich alles, was du wissen musst. Füge nun eigene Projekte und Aufgaben hinzu.\n\nDu kannst jederzeit wieder dieses Projekt öffnen und unten mehr über die erweiterten Funktionen lernen. Wenn du mit diesem Projekt fertig bist, markiere es durch Klicken auf den obigen Fortschrittsring als erledigt.\n\nWir hoffen, dass dir Things genau so gut gefällt wie uns selbst!",
            "title" : "Du bist fertig!"
          },
          "operation" : "create",
          "type" : "to-do"
        },
        {
          "attributes" : {
            "title" : "Verfeinere dein Setup"
          },
          "operation" : "create",
          "type" : "heading"
        },
        {
          "attributes" : {
            "notes" : "Du kannst deine Kalender in Things integrieren und alle deine Ereignisse und Aufgaben zentral an einem Ort gesammelt überblicken. Aktiviere diese Funktion unter „Things“ → „Einstellungen“ → „Kalender“.",
            "title" : "Zeige deine Kalender-Ereignisse an"
          },
          "operation" : "create",
          "type" : "to-do"
        },
        {
          "attributes" : {
            "checklist-items" : [
              {
                "attributes" : {
                  "title" : "Klicke oben rechts im Bildschirm auf die Uhrzeit, um die Mitteilungszentrale zu öffnen."
                },
                "operation" : "create",
                "type" : "checklist-item"
              },
              {
                "attributes" : {
                  "title" : "Klicke unten in der Mitteilungszentrale auf den Button „Widgets bearbeiten“."
                },
                "operation" : "create",
                "type" : "checklist-item"
              },
              {
                "attributes" : {
                  "title" : "Suche nach Things und füge ein Widget hinzu (stelle sicher, dass du ein Widget für die Mac-Version von Things hinzufügst, nicht für die iPhone-Version)."
                },
                "operation" : "create",
                "type" : "checklist-item"
              },
              {
                "attributes" : {
                  "title" : "Klicke mit der rechten Maustaste auf das Widget, um zu bearbeiten, welche Liste es anzeigt."
                },
                "operation" : "create",
                "type" : "checklist-item"
              }
            ],
            "notes" : "Mit Widgets kannst du schnell auf Listen zugreifen, entweder vom Schreibtisch deines Macs (macOS 14 oder neuer) oder über die Mitteilungszentrale auf der rechten Seite des Bildschirms.\n\nDu kannst so viele Widgets hinzufügen wie gewünscht. Das geht so:",
            "title" : "Füge einige Widgets hinzu"
          },
          "operation" : "create",
          "type" : "to-do"
        },
        {
          "attributes" : {
            "notes" : "Things Cloud hält deine Aufgaben zwischen Mac, iPad, iPhone, Watch und Vision Pro synchronisiert. Erstelle unter „Things“ → „Einstellungen“ → „Things Cloud“ einen kostenlosen Account.\n\nEin Things Cloud-Account ist auch dann sinnvoll, wenn du nur ein Gerät nutzt, da du so immer ein Backup deiner Daten hast.",
            "title" : "Synchronisiere deine Geräte"
          },
          "operation" : "create",
          "type" : "to-do"
        },
        {
          "attributes" : {
            "title" : "Steigere deine Produktivität"
          },
          "operation" : "create",
          "type" : "heading"
        },
        {
          "attributes" : {
            "notes" : "Ganz egal, in welcher App du gerade arbeitest, kannst du per Schnelleingabe Aufgaben in Things hinzufügen. Probiere es einfach aus: Ctrl+Leertaste.",
            "title" : "Füge von überall aus Aufgaben hinzu"
          },
          "operation" : "create",
          "type" : "to-do"
        },
        {
          "attributes" : {
            "notes" : "Du kannst Links zu E-Mails, Dateien und Websites setzen. Ziehe diese einfach in die Notizen einer Aufgabe.\n\nNoch praktischer ist es allerdings, dies mit der Auto-Ausfüllen-Funktion automatisch zu erledigen. Gehe zu „Things“ → „Einstellungen“ → „Schnelleingabe“.",
            "title" : "Verlinke E-Mails, Dateien und Websites"
          },
          "operation" : "create",
          "type" : "to-do"
        },
        {
          "attributes" : {
            "notes" : "Mit der Schnellsuche findest du Aufgaben einfach und mühelos. Schließe diese Aufgabe und beginne einfach einzutippen, wonach du suchen möchtest – den Namen einer Liste, eines Projekts, einer Aufgabe oder ein Tag.",
            "title" : "Suche und navigiere mit der Schnellsuche"
          },
          "operation" : "create",
          "type" : "to-do"
        },
        {
          "attributes" : {
            "notes" : "Mit Tags kannst du Arbeitsabläufe in Things persönlich gestalten.\n\nBeispielsweise kannst du …\n- Tags für Orte wie „Büro“ oder „Zuhause“ verwenden\n- Alle „Besorgungen“ mit einem Tag versehen\n- Aufgaben mit dem Tag „Wichtig“ priorisieren\n- Aufgaben, für die du zuständig bist, mit deinem Namen taggen\n- Oder eigene Tags nach Bedarf erstellen\n\nKlicke auf die Tag-Taste unten, um ein Tag hinzuzufügen. Um alle Aufgaben mit einem bestimmten Tag zu sehen, suche mit der Schnellsuche danach.",
            "title" : "Füge Tags zu deinen Aufgaben hinzu"
          },
          "operation" : "create",
          "type" : "to-do"
        },
        {
          "attributes" : {
            "checklist-items" : [
              {
                "attributes" : {
                  "title" : "Heize den Ofen auf 175 ºC vor."
                },
                "operation" : "create",
                "type" : "checklist-item"
              },
              {
                "attributes" : {
                  "title" : "Mische 225 g Erdnussbutter mit 225 g weißem Zucker, gib ein Ei hinzu und verknete die Zutaten mit einem Handrührgerät, bis die Masse glatt und cremig ist."
                },
                "operation" : "create",
                "type" : "checklist-item"
              },
              {
                "attributes" : {
                  "title" : "Forme auf einem Backblech kleine Kugeln und drücke sie dann mit einer Gabel platt, am besten in einem Zickzack-Muster."
                },
                "operation" : "create",
                "type" : "checklist-item"
              },
              {
                "attributes" : {
                  "title" : "Backe die Fladen für 10 Minuten im Backofen und lasse sie dann 2 Minuten lang abkühlen."
                },
                "operation" : "create",
                "type" : "checklist-item"
              }
            ],
            "notes" : "Teile eine Aufgabe in einzelne Schritte auf, indem du eine Checkliste hinzufügst. Das ist praktisch für eine täglich anfallende Liste von Dingen, beim Kofferpacken, beim Einkaufen und so weiter.\n\nUnd wer hätte gedacht, dass das Rezept für Erdnussbutter-Kekse so einfach ist? 😃",
            "title" : "Arbeite eine Aufgabe Schritt für Schritt ab – mit Checklisten"
          },
          "operation" : "create",
          "type" : "to-do"
        },
        {
          "attributes" : {
            "notes" : "Eine gute Angewohnheit ist es, jeden Morgen die „Heute“-Liste zu überprüfen – so weißt du immer, was du über den Tag erledigen musst. Allerdings solltest du für alle Aufgaben, die du auf keinen Fall verpassen willst, eine Erinnerung einstellen. So kannst du sie nicht vergessen.\n\nKlicke unten auf den Kalender-Button und gib „Montag um 15 Uhr“ ein.",
            "title" : "Mit Erinnerungen vergisst du nichts mehr"
          },
          "operation" : "create",
          "type" : "to-do"
        },
        {
          "attributes" : {
            "notes" : "Wenn du mit Things sowohl dein Arbeits- als auch dein Privatleben organisierst, wirst du einige Aufgaben auf eine spätere Uhrzeit des Tages verschieben wollen: Klicke dazu auf den Kalender-Button und wähle „Heute Abend“ aus.",
            "title" : "Plane deinen Abend"
          },
          "operation" : "create",
          "type" : "to-do"
        },
        {
          "attributes" : {
            "notes" : "Blende die Seitenleiste aus, um ablenkungsfrei zu arbeiten. Ziehe die Trennlinie einfach ganz nach links oder nutze den Kurzbefehl ⌘\/.",
            "title" : "Bleib konzentriert – blende die Seitenleiste aus"
          },
          "operation" : "create",
          "type" : "to-do"
        },
        {
          "attributes" : {
            "notes" : "Beim Organisieren deiner Aufgaben kann es hilfreich sein, mehrere Listen nebeneinander zu legen. Klicke in der Seitenleiste einfach mit der rechten Maustaste auf eine beliebige Liste, um diese in einem neuen Fenster anzuzeigen.",
            "title" : "Nutze mehrere Fenster"
          },
          "operation" : "create",
          "type" : "to-do"
        },
        {
          "attributes" : {
            "checklist-items" : [
              {
                "attributes" : {
                  "title" : "Aufgabe Nr. 1"
                },
                "operation" : "create",
                "type" : "checklist-item"
              },
              {
                "attributes" : {
                  "title" : "Aufgabe Nr. 2"
                },
                "operation" : "create",
                "type" : "checklist-item"
              }
            ],
            "notes" : "Manchmal merkt man erst beim Eingeben einer Aufgabe, dass es sich bei ihr um ein komplexeres Projekt handeln wird. Das ist aber kein Problem: Klicke unten in der Werkzeugleiste auf ••• und wähle „In Projekt umwandeln“ aus.\n\nDiese Checklisten-Einträge werden dann zu Aufgaben in deinem neuen Projekt:",
            "title" : "Wandle eine Aufgabe in ein Projekt um"
          },
          "operation" : "create",
          "type" : "to-do"
        },
        {
          "attributes" : {
            "notes" : "Es gibt Dinge, die man alle paar Tage, Wochen oder Monate immer wieder erledigen muss. Erstelle einfach eine wiederkehrende Aufgabe, um dich am richtigen Tag daran erinnern zu lassen. Das spart viel Zeit und hilft dir, deine Aufgaben zuverlässig und regelmäßig zu erledigen.\n\nErstelle eine unter „Ablage“ → „Neue wiederkehrende Aufgabe“.",
            "title" : "Erstelle wiederkehrende Aufgaben"
          },
          "operation" : "create",
          "type" : "to-do"
        },
        {
          "attributes" : {
            "notes" : "Einen Überblick über alle Tastatur-Kurzbefehle von Things erhältst du unter „Hilfe“ → „Tastatur-Kurzbefehle“. Hier sind schon einmal die wichtigsten:\n\n⌘S: Wähle aus, wann eine Aufgabe beginnt\n⌘T: Markiere eine Aufgabe als „Heute“\n⌘⇧M: Verschiebe eine Aufgabe in eine andere Liste\n\n⌘↑: Verschiebe eine Aufgabe nach oben\n⌘↓: Verschiebe eine Aufgabe nach unten",
            "title" : "Lerne ein paar Tastatur-Kurzbefehle"
          },
          "operation" : "create",
          "type" : "to-do"
        },
        {
          "attributes" : {
            "notes" : "Things unterstützt Markdown, damit du deine Notizen strukturieren und gestalten kannst.\n\nFalls du Markdown noch nicht kennst, so funktioniert’s. Um ein Wort zu betonen, setzte einfach ein Asterisk davor und danach, nämlich so: *betont*. Wie du siehst, erkennt Things dies und stellt das Wort kursiv dar. Wenn du diese Asteriske wieder entfernst, wird die Schrift wieder normal angezeigt.\n\nHier einige weitere Beispiele:\n- Mit zwei Asterisken machst du Text **fett**\n- Mit Doppelpunkten wird Text ::hervorgehoben::\n- „#“ am Anfang einer Zeile formatiert diese als Überschrift, das sieht so aus:\n\n# Dies ist eine Überschrift\n\n---\n\nMarkdown ist etwas speziell, aber du kannst deinen Text damit direkt beim Tippen hilfreich gestalten. Du kannst auch Tastaturkurzbefehle nutzen, du findest sie unter Bearbeiten → Markdown.\n\nMehr erfährst du in unserem Markdown-Guide: culturedcode.com\/things\/help\/markdown\/",
            "title" : "Strukturiere deine Notizen mit Markdown"
          },
          "operation" : "create",
          "type" : "to-do"
        },
        {
          "attributes" : {
            "title" : "Eines noch …"
          },
          "operation" : "create",
          "type" : "heading"
        },
        {
          "attributes" : {
            "notes" : "Erfahre als Erster von den neusten Entwicklungen und Funktionen. Folge uns in sozialen Medien oder melde dich bei unserem Newsletter an: culturedcode.com\/follow\/",
            "title" : "Bleib auf dem Laufenden"
          },
          "operation" : "create",
          "type" : "to-do"
        },
        {
          "attributes" : {
            "notes" : "Gefällt dir Things? Bitte gib im App Store eine Bewertung ab – das hilft uns gewaltig!\n\nculturedcode.com\/things\/mac\/appstore\/",
            "title" : "Bewerte Things"
          },
          "operation" : "create",
          "type" : "to-do"
        },
        {
          "attributes" : {
            "notes" : "Du kannst die App auch auf deinen anderen Geräten erhalten. Things hält alles synchronisiert. ✨\n\niPad: culturedcode.com\/things\/ipad\/appstore\/\niPhone: culturedcode.com\/things\/iphone\/appstore\/\nVision: culturedcode.com\/things\/vision\/appstore\/",
            "title" : "Hol dir Things für deine anderen Geräte"
          },
          "operation" : "create",
          "type" : "to-do"
        },
        {
          "attributes" : {
            "notes" : "Solltest du Fragen haben, schau dich einfach in unserer großen Sammlung von Supportartikeln um. Natürlich kannst du uns auch gerne eine Nachricht senden – wir helfen gerne!\n\nculturedcode.com\/things\/support\/",
            "title" : "Hast du Fragen? Wir helfen gerne!"
          },
          "operation" : "create",
          "type" : "to-do"
        }
      ],
      "notes" : "Dieses Projekt zeigt dir alles, was du über Things wissen musst – spiele einfach in diesem Projekt herum und tob dich ruhig aus. Im Menü „Hilfe“ kannst du immer ein neues Tutorial-Projekt erstellen.",
      "title" : "Lerne Things für Mac kennen"
    },
    "operation" : "create",
    "type" : "project"
  }
]
