[
  {
    "attributes" : {
      "items" : [
        {
          "attributes" : {
            "title" : "基本を学ぶ"
          },
          "operation" : "create",
          "type" : "heading"
        },
        {
          "attributes" : {
            "notes" : "今見ているのはTo-Doです！左のチェックボックスをクリックして完了してください。完了済みのTo-Doがプロジェクトの下に集められます。",
            "title" : "このTo-Doをダブルクリック"
          },
          "operation" : "create",
          "type" : "to-do"
        },
        {
          "attributes" : {
            "notes" : "あなたの番です。キーボードで“⌘N”を押してください。",
            "title" : "新規To-Doを作成"
          },
          "operation" : "create",
          "type" : "to-do"
        },
        {
          "attributes" : {
            "notes" : "下のカレンダーボタンをクリックして、このTo-Doをいつするか計画しましょう。“今日”を選択してみてください。",
            "title" : "このTo-Doを“今日”のリストに追加"
          },
          "operation" : "create",
          "type" : "to-do"
        },
        {
          "attributes" : {
            "notes" : "カレンダーボタンをもう一度クリックして、今度は少し先の日付を選択してみましょう。To-Doはその日が来ると“今日”のリストに自動的に表示されます。\n\nプロジェクト内では、後の日付に予定されているTo-Doは下の方に表示されます。",
            "title" : "このTo-Doを後でするよう計画する"
          },
          "operation" : "create",
          "type" : "to-do"
        },
        {
          "attributes" : {
            "notes" : "ファイル → 新規見出しと進み、見出しを作成し、それからその下にこのTo-Doをドラッグしてください。",
            "title" : "新規の見出しを作成"
          },
          "operation" : "create",
          "type" : "to-do"
        },
        {
          "attributes" : {
            "notes" : "挑戦して！サイドバーの下の“+ 新規リスト”をクリックして、新しいプロジェクトを追加してみましょう。",
            "title" : "プロジェクトを作成"
          },
          "operation" : "create",
          "type" : "to-do"
        },
        {
          "attributes" : {
            "notes" : "あなたの生活のそれぞれの分野に“仕事”、“家族”、“ファイナンス”など、“エリア”を作成しましょう。作成したプロジェクトをそれらのエリア別に分類しておくと整理が簡単になります。\n\nサイドバーの一番下にある、“+ 新規リスト”をタップして、作成してみましょう。\n\nプロジェクトとは違って、エリアは完了することがありません。",
            "title" : "エリアで整理"
          },
          "operation" : "create",
          "type" : "to-do"
        },
        {
          "attributes" : {
            "notes" : "これで基本的な機能についての説明を終了します。どうぞプロジェクトやTo-Doを自由に追加してください。\n\n以下の高度な機能についてご覧になりたい時は、いつでもこのプロジェクトに戻ってきてください。プロジェクトを終了する時、上の進行状況リングをクリックすると、完了としてマークできます。\n\nThingsを楽しくご利用くださいね！",
            "title" : "完了です！"
          },
          "operation" : "create",
          "type" : "to-do"
        },
        {
          "attributes" : {
            "title" : "設定を調整する"
          },
          "operation" : "create",
          "type" : "heading"
        },
        {
          "attributes" : {
            "notes" : "カレンダーをThingsに接続して、すべてのイベントとTo-Doを一緒に表示できます。Things → 設定 (または、環境設定) → カレンダーと進み、オンにしてください。",
            "title" : "カレンダーイベントを表示"
          },
          "operation" : "create",
          "type" : "to-do"
        },
        {
          "attributes" : {
            "checklist-items" : [
              {
                "attributes" : {
                  "title" : "画面の右上から時間をクリックすると通知センターが表示されます"
                },
                "operation" : "create",
                "type" : "checklist-item"
              },
              {
                "attributes" : {
                  "title" : "通知センターの下にある“ウィジェットを編集”のボタンをクリックしてください"
                },
                "operation" : "create",
                "type" : "checklist-item"
              },
              {
                "attributes" : {
                  "title" : "Thingsを検索して、ウィジェットを追加できます (ウィジェットをThingsのiPhoneバージョンにではなく、Macバージョンに追加していることを確認してください)"
                },
                "operation" : "create",
                "type" : "checklist-item"
              },
              {
                "attributes" : {
                  "title" : "ウィジェットを右クリックすると、表示したいリストを編集できます"
                },
                "operation" : "create",
                "type" : "checklist-item"
              }
            ],
            "notes" : "ウィジェットを使うと、Macのデスクトップ (macOS 14、またはそれ以降)、または、画面の右の通知センターからリストにすばやくアクセスできます。\n\nウィジェットはいくつでも好きなだけ追加できます。追加するには:",
            "title" : "ウィジェットを追加する"
          },
          "operation" : "create",
          "type" : "to-do"
        },
        {
          "attributes" : {
            "notes" : "Things Cloudを利用すると、作成したTo-DoをMac、iPad、iPhone、Watch、Vision Proで同期しておけます。Things → “設定” (または“環境設定”)→ Things Cloudと進むと、無料アカウントを作成できます。\n\nデバイスが1台しかない場合でも、Things Cloudを作成することをお勧めします。作成することで、データを安全にバックアップしておけるからです。",
            "title" : "デバイスを同期"
          },
          "operation" : "create",
          "type" : "to-do"
        },
        {
          "attributes" : {
            "title" : "仕事効率を上げる"
          },
          "operation" : "create",
          "type" : "heading"
        },
        {
          "attributes" : {
            "notes" : "どのアプリケーションからでも、クイック入力を使ってThingsにTo-Doを追加できます。今すぐCtrl キー + Spaceキーを使って試してみましょう。",
            "title" : "To-Doをどこからでも追加"
          },
          "operation" : "create",
          "type" : "to-do"
        },
        {
          "attributes" : {
            "notes" : "メール、ファイル、ウェブページをTo-Doのメモ欄にドラッグするだけで、それらをリンクにすることができます。\n\nさらに、クイック入力の自動入力機能を使用すれば、自動的にその操作を実行できます。自動入力を有効にするには、Things → 設定 (または、環境設定) → クイック入力と進んでください。",
            "title" : "メール、ファイル、ウェブページにリンクする"
          },
          "operation" : "create",
          "type" : "to-do"
        },
        {
          "attributes" : {
            "notes" : "“クイック検索”を使うと、なんでも超簡単に見つけられます。このTo-Doを閉じてから何か、例えば、リスト、プロジェクト、To-Do、タグなどの名前をタイプし始めると、すぐにその場所に移動できます。",
            "title" : "“クイック検索”を使った検索と移動"
          },
          "operation" : "create",
          "type" : "to-do"
        },
        {
          "attributes" : {
            "notes" : "タグを使用して、Thingsのワークフローをカスタマイズしましょう。\n\n例えば…\n- “仕事”、“プライベート”などシーンに応じてタグを使用できます\n- さまざまな“用事”をタグしておけます\n- “重要”のタグをつけて優先したいTo-Doを区別できます\n- “ケイトさん”とタグして、共同作業している項目をタグできます\n- または、自由に自分だけのタグを作成してください\n\nタグを追加するには、下のタグボタンをクリックしてください。特定のタグを付けたTo-Doをすべて表示するには、“クイック検索”を使って検索してください。",
            "title" : "To-Doをタグ"
          },
          "operation" : "create",
          "type" : "to-do"
        },
        {
          "attributes" : {
            "checklist-items" : [
              {
                "attributes" : {
                  "title" : "オーブンを350ºF (175ºC) に予熱します"
                },
                "operation" : "create",
                "type" : "checklist-item"
              },
              {
                "attributes" : {
                  "title" : "ピーナツバター1カップ、白砂糖1カップ、卵1つを電動ミキサーで滑らかなクリーム状になるまでよく混ぜます"
                },
                "operation" : "create",
                "type" : "checklist-item"
              },
              {
                "attributes" : {
                  "title" : "小さなボール状にしてベーキングシートに並べたら、フォークで平らにして十文字の模様を入れてください"
                },
                "operation" : "create",
                "type" : "checklist-item"
              },
              {
                "attributes" : {
                  "title" : "オーブンで10分焼いてから、2分冷まします"
                },
                "operation" : "create",
                "type" : "checklist-item"
              }
            ],
            "notes" : "To-Doを小さなステップに分けて、チェックリストを追加してみましょう。毎日の日課、スーツケースを詰める、買い物リストなど、さまざまな進行状況を追っていくのに便利です。\n\nピーナツバタークッキーがこんなに簡単に作れるってご存じでしたか？😃",
            "title" : "チェックリストを使ってステップごとに進む"
          },
          "operation" : "create",
          "type" : "to-do"
        },
        {
          "attributes" : {
            "notes" : "毎朝予定を確認するために今日のリストをチェックするのはいい習慣ですね。しかし、絶対に忘れてはいけないTo-Doにはリマインダーを設定しておけばもっと安心です。\n\n下のカレンダーボタンをクリックして、“月曜日3pm”と入力してみましょう。",
            "title" : "リマインダーを設定して忘れないようにする"
          },
          "operation" : "create",
          "type" : "to-do"
        },
        {
          "attributes" : {
            "notes" : "仕事とプライベートの両方を管理するためにThingsを使用する場合、何件かのTo-Doを後でするように設定しておくと便利なことがあるでしょう。下のカレンダーボタンをクリックして、“今夜”を選択してください。",
            "title" : "アフター5を計画"
          },
          "operation" : "create",
          "type" : "to-do"
        },
        {
          "attributes" : {
            "notes" : "集中して作業を進めたい時にはサイドバーを隠すことができます。サイドバーのハンドルを左端までドラッグするか、“⌘\/”を使用してください",
            "title" : "サイドバーを隠して作業に集中する"
          },
          "operation" : "create",
          "type" : "to-do"
        },
        {
          "attributes" : {
            "notes" : "To-Doを整理する際、複数のリストを並べて開くと、とても便利です。サイドバーのリストを右クリックすると、新規ウインドウで開くことができます。",
            "title" : "複数のウインドウを開く"
          },
          "operation" : "create",
          "type" : "to-do"
        },
        {
          "attributes" : {
            "checklist-items" : [
              {
                "attributes" : {
                  "title" : "To-Do #1"
                },
                "operation" : "create",
                "type" : "checklist-item"
              },
              {
                "attributes" : {
                  "title" : "To-Do #2"
                },
                "operation" : "create",
                "type" : "checklist-item"
              }
            ],
            "notes" : "To-Doを作成した後に、そのTo-Doが実際はもっと複雑なプロジェクトであることに気づくことがありませんか。ご心配なく！下のツールバーから•••をクリックして、“プロジェクトに変換”を選択してください。\n\nこれらのチェックリスト項目は新規プロジェクトでTo-Doになります：",
            "title" : "To-Doをプロジェクトに変換"
          },
          "operation" : "create",
          "type" : "to-do"
        },
        {
          "attributes" : {
            "notes" : "数日、数週間、数か月ごとなど、定期的に繰り返し実行することってありますよね。繰り返しTo-Doを作成すると、Thingsが自動的にその日にリマインドしてくれます。これは時間の節約になるだけでなく、着実に達成する助けになります。\n\n繰り返しTo-Doを作成するには、“ファイル” → “新規繰り返しTo-Do”と進んでください。",
            "title" : "To-Doを繰り返しにする"
          },
          "operation" : "create",
          "type" : "to-do"
        },
        {
          "attributes" : {
            "notes" : "Thingsのすべてのショートカットを表示するには、ヘルプ → キーボードショートカットと進んでください。以下は最も重要なものです：\n\n⌘S：To-Doの開始日を選択\n⌘T：To-Doを“今日”としてマーク\n⌘⇧M：To-Doを別のリストに移動\n\n⌘↑：To-Doを上に移動\n⌘↓：To-Doを下に移動",
            "title" : "キーボードショートカットについて"
          },
          "operation" : "create",
          "type" : "to-do"
        },
        {
          "attributes" : {
            "notes" : "Thingsはメモに構成とスタイルを追加するマークダウンをサポートします。\n\nマークダウンの使用方法: 語句を強調するには、前後にアスタリスクを追加します。例: *強調*。ご覧のように、Thingsはこれを検出して、語句をイタリックで表示します。これらのアスタリスクを削除すると、普通に戻ります。\n\nその他の例を紹介します:\n- アスタリスクを2つ続けて使用すると **ボールド** になります\n- コロンを使うと ::テキストをハイライト:: できます\n- 行の初めに “#” を挿入すると、見出しが作成されます。例:\n\n# これは見出しです\n\n---\n\nマークダウンは、ちょっと変わった、しかしタイプ入力しながら、すばやくテキストをスタイルするのに最適です。また、キーボードショートカットも使用できます。“編集 → マークダウン”から利用してください。\n\n詳細は以下のマークダウンのガイドを参照してください: culturedcode.com\/things\/help\/markdown\/",
            "title" : "マークダウンを使ってメモを構成"
          },
          "operation" : "create",
          "type" : "to-do"
        },
        {
          "attributes" : {
            "title" : "最後に…"
          },
          "operation" : "create",
          "type" : "heading"
        },
        {
          "attributes" : {
            "notes" : "最新機能や開発情報などを一足先にお受け取りください。SNSでフォローしたり、以下からニュースレターにサインアップしてください：culturedcode.com\/follow\/",
            "title" : "最新ニュースをどうぞ"
          },
          "operation" : "create",
          "type" : "to-do"
        },
        {
          "attributes" : {
            "notes" : "Thingsを気に入っていただけたら、ぜひApp Storeで評価してください。皆さまの評価が大きな成果につながります！\n\nculturedcode.com\/things\/mac\/appstore\/",
            "title" : "Appを評価"
          },
          "operation" : "create",
          "type" : "to-do"
        },
        {
          "attributes" : {
            "notes" : "他のデバイス向けの最適なThingsを手に入れることもできます。Thingsはすべてを同期した状態に保ちます。✨\n\niPad: culturedcode.com\/things\/ipad\/appstore\/\niPhone: culturedcode.com\/things\/iphone\/appstore\/\nVision: culturedcode.com\/things\/vision\/appstore\/",
            "title" : "その他のデバイス向けのThingsを入手"
          },
          "operation" : "create",
          "type" : "to-do"
        },
        {
          "attributes" : {
            "notes" : "ご質問がある場合、弊社ウェブサイトから豊富なサポート記事を参照してください。また、以下のリンクからお問い合わせいただけば、喜んでお手伝いします！\n\nculturedcode.com\/things\/support\/",
            "title" : "ご質問ですか。お手伝いします！"
          },
          "operation" : "create",
          "type" : "to-do"
        }
      ],
      "notes" : "このプロジェクトにはThingsを使い始めるために必要なすべての情報が含まれています。どうぞご自由に試してください。いつでも新しいものをヘルプメニューから作成できます。",
      "title" : "Things for Macをご紹介しましょう"
    },
    "operation" : "create",
    "type" : "project"
  }
]
