[
  {
    "attributes" : {
      "items" : [
        {
          "attributes" : {
            "title" : "Découvrir les principes de base"
          },
          "operation" : "create",
          "type" : "heading"
        },
        {
          "attributes" : {
            "notes" : "Vous regardez une tâche ! Terminez-la en cliquant sur la case à cocher à gauche. Les tâches effectuées sont rassemblées en bas de votre projet.",
            "title" : "Double-cliquer sur cette tâche"
          },
          "operation" : "create",
          "type" : "to-do"
        },
        {
          "attributes" : {
            "notes" : "À vous : tapez simplement ⌘N sur votre clavier.",
            "title" : "Créer une tâche"
          },
          "operation" : "create",
          "type" : "to-do"
        },
        {
          "attributes" : {
            "notes" : "Cliquez ci-dessous sur le bouton du calendrier pour planifier cette tâche. Choisissez Aujourd'hui.",
            "title" : "Ajouter cette tâche à votre liste Aujourd'hui"
          },
          "operation" : "create",
          "type" : "to-do"
        },
        {
          "attributes" : {
            "notes" : "Cliquez à nouveau sur le bouton du calendrier, mais choisissez cette fois-ci une date située dans le futur. La tâche apparaîtra automatiquement dans votre liste Aujourd'hui à la date en question.\n\nAu sein des projets, les tâches programmées à une date ultérieure s'affichent en bas.",
            "title" : "Remettre cette tâche à plus tard"
          },
          "operation" : "create",
          "type" : "to-do"
        },
        {
          "attributes" : {
            "notes" : "Allez dans Fichier → Nouvel en-tête pour créer un en-tête, puis glissez-déposez cette tâche en dessous.",
            "title" : "Créer un en-tête"
          },
          "operation" : "create",
          "type" : "to-do"
        },
        {
          "attributes" : {
            "notes" : "Passons maintenant à la vitesse supérieure ! Au bas de la barre latérale, cliquez sur « + Nouvelle liste » pour ajouter votre propre projet.",
            "title" : "Créer un projet"
          },
          "operation" : "create",
          "type" : "to-do"
        },
        {
          "attributes" : {
            "notes" : "Créez un domaine pour chaque sphère de votre vie : Travail, Famille, Argent, etc. Vous pourrez ensuite glisser-déposer des projets dans ces domaines pour vous organiser.\n\nEn bas de la barre latérale, cliquez sur « + Nouvelle liste » pour créer un domaine.\n\nContrairement aux projets, les domaines ne sont jamais terminés.",
            "title" : "S’organiser grâce aux domaines"
          },
          "operation" : "create",
          "type" : "to-do"
        },
        {
          "attributes" : {
            "notes" : "Vous savez tout, alors commencez à ajouter des projets et des tâches en fonction de vos besoins.\n\nVous pouvez à tout moment rouvrir ce projet pour découvrir les fonctionnalités avancées ci-dessous. Une fois le projet consulté en entier, cliquez sur l’anneau de progression qui se trouve en haut pour le marquer comme terminé.\n\nNous espérons que Things vous plaira !",
            "title" : "Et voilà !"
          },
          "operation" : "create",
          "type" : "to-do"
        },
        {
          "attributes" : {
            "title" : "Ajuster votre configuration"
          },
          "operation" : "create",
          "type" : "heading"
        },
        {
          "attributes" : {
            "notes" : "Vous pouvez connecter vos calendriers à Things et visualiser simultanément l'ensemble de vos événements et de vos tâches. Pour activer cette fonctionnalité, rendez-vous dans Things → Réglages (ou Préférences) → Calendrier.",
            "title" : "Afficher vos événements de calendrier"
          },
          "operation" : "create",
          "type" : "to-do"
        },
        {
          "attributes" : {
            "checklist-items" : [
              {
                "attributes" : {
                  "title" : "En haut à droite de l'écran, cliquez sur l'heure pour afficher le centre de notifications."
                },
                "operation" : "create",
                "type" : "checklist-item"
              },
              {
                "attributes" : {
                  "title" : "Au bas du centre de notifications, cliquez sur le bouton Modifier les widgets."
                },
                "operation" : "create",
                "type" : "checklist-item"
              },
              {
                "attributes" : {
                  "title" : "Recherchez Things et ajoutez un widget (vérifiez que vous ajoutez un widget pour la version Mac de Things et non pour la version iPhone)."
                },
                "operation" : "create",
                "type" : "checklist-item"
              },
              {
                "attributes" : {
                  "title" : "Cliquez avec le bouton droit de la souris sur le widget pour modifier la liste à afficher."
                },
                "operation" : "create",
                "type" : "checklist-item"
              }
            ],
            "notes" : "Grâce aux widgets, vous pouvez accéder rapidement à vos listes à partir du bureau de votre Mac (macOS 14 ou version ultérieure) ou du centre de notifications situé sur le côté droit de l'écran.\n\nVous pouvez ajouter autant de widgets que vous souhaitez. Voici comment procéder :",
            "title" : "Ajouter des widgets"
          },
          "operation" : "create",
          "type" : "to-do"
        },
        {
          "attributes" : {
            "notes" : "Things Cloud assure la synchronisation de vos tâches sur Mac, iPad, iPhone, Watch et Vision Pro. Pour créer un compte gratuit, accédez aux réglages Things → Réglages (ou Préférences).\n\nMême si vous n'utilisez qu'un seul appareil, vous pouvez créer un compte Things Cloud : vos données seront ainsi sauvegardées en lieu sûr.",
            "title" : "Synchroniser vos appareils"
          },
          "operation" : "create",
          "type" : "to-do"
        },
        {
          "attributes" : {
            "title" : "Améliorer votre productivité"
          },
          "operation" : "create",
          "type" : "heading"
        },
        {
          "attributes" : {
            "notes" : "Quelle que soit l’app active, vous pouvez utiliser la saisie rapide pour ajouter des tâches dans Things. Pour essayer cette fonctionnalité, appuyez maintenant sur Ctrl+Espace.",
            "title" : "Ajouter des tâches où que vous soyez"
          },
          "operation" : "create",
          "type" : "to-do"
        },
        {
          "attributes" : {
            "notes" : "Vous pouvez créer facilement des liens vers des e-mails, des fichiers et des pages Web en les faisant glisser dans les notes d'une tâche.\n\nMieux encore, vous pouvez utiliser la fonctionnalité de saisie automatique pour automatiser le processus. Pour activer la saisie automatique, rendez-vous dans Things → Réglages (ou Préférences) → Saisie rapide.",
            "title" : "Créer des liens vers des messages, des fichiers et des pages Web"
          },
          "operation" : "create",
          "type" : "to-do"
        },
        {
          "attributes" : {
            "notes" : "Grâce à la fonctionnalité de recherche rapide, vous trouvez facilement ce que vous cherchez. Réduisez cette tâche, puis saisissez du texte (le nom d'une liste, d'un projet ou d'une tâche, ou un mot-clé, par exemple) pour y accéder instantanément.",
            "title" : "Rechercher et naviguer avec la recherche rapide"
          },
          "operation" : "create",
          "type" : "to-do"
        },
        {
          "attributes" : {
            "notes" : "Les mots-clés vous permettent de personnaliser votre utilisation de Things.\n\nVous pouvez par exemple…\n- Utiliser des mots-clés pour des lieux tels que Bureau ou Maison\n- Ajouter le mot-clé Courses à tous les articles d'une liste de courses\n- Associer le mot-clé Important aux tâches qui sont prioritaires\n- Ajouter au mot-clé Catherine aux tâches sur lesquelles vous travaillez actuellement\n- Créer vos propres mots-clés\n\nPour ajouter un mot-clé, cliquez sur le bouton de mot-clé ci-dessous. Pour afficher toutes les tâches associées à un mot-clé donné, utilisez la fonction de recherche rapide pour les retrouver.",
            "title" : "Associer des mots-clés à vos tâches"
          },
          "operation" : "create",
          "type" : "to-do"
        },
        {
          "attributes" : {
            "checklist-items" : [
              {
                "attributes" : {
                  "title" : "Préchauffer le four à 175 °C"
                },
                "operation" : "create",
                "type" : "checklist-item"
              },
              {
                "attributes" : {
                  "title" : "Mélanger 1 cup de beurre de cacahuètes, 1 cup de sucre blanc et 1 œuf au batteur électrique jusqu'à ce que le mélange soit homogène et crémeux"
                },
                "operation" : "create",
                "type" : "checklist-item"
              },
              {
                "attributes" : {
                  "title" : "Former de petites boules sur une plaque à pâtisserie et les aplatir avec une fourchette pour dessiner des croisillons"
                },
                "operation" : "create",
                "type" : "checklist-item"
              },
              {
                "attributes" : {
                  "title" : "Cuire au four pendant 10 minutes, puis laisser refroidir 2 minutes"
                },
                "operation" : "create",
                "type" : "checklist-item"
              }
            ],
            "notes" : "Décomposez une tâche en plusieurs étapes en ajoutant une liste de pointage. Vous pouvez vous en servir pour suivre des habitudes quotidiennes, faire vos valises, dresser une liste de courses, etc.\n\nPlutôt faciles, les cookies au beurre de cacahuètes, non ? 😃",
            "title" : "Avancer pas à pas grâce à des listes de pointage"
          },
          "operation" : "create",
          "type" : "to-do"
        },
        {
          "attributes" : {
            "notes" : "Prenez l'habitude de consulter chaque matin la liste Aujourd'hui pour voir ce que vous avez à faire. Et pour les tâches importantes, configurez un rappel pour plus de tranquillité d'esprit.\n\nCliquez sur le bouton du calendrier ci-dessous, puis ajoutez un rappel lundi à 03:00.",
            "title" : "Configurer un rappel pour éviter les oublis"
          },
          "operation" : "create",
          "type" : "to-do"
        },
        {
          "attributes" : {
            "notes" : "Si vous utilisez Things pour gérer à la fois votre travail et votre vie personnelle, vous voudrez sûrement mettre de côté certaines tâches pour plus tard au cours de la journée. Cliquez sur le bouton ci-dessous représentant un calendrier, puis choisissez Ce soir.",
            "title" : "Planifier votre soirée"
          },
          "operation" : "create",
          "type" : "to-do"
        },
        {
          "attributes" : {
            "notes" : "Travaillez sans aucune distraction en masquant votre barre latérale. Tirez simplement la poignée de la barre latérale jusqu’au bout vers la gauche, ou bien tapez ⌘\/",
            "title" : "Masquer la barre latérale si elle vous dérange"
          },
          "operation" : "create",
          "type" : "to-do"
        },
        {
          "attributes" : {
            "notes" : "Quand vous organisez vos tâches, il est parfois très utile d'afficher plusieurs listes côte à côte. Cliquez dans la barre latérale avec le bouton droit sur une liste pour l'ouvrir dans une nouvelle fenêtre.",
            "title" : "Ouvrir plusieurs fenêtres"
          },
          "operation" : "create",
          "type" : "to-do"
        },
        {
          "attributes" : {
            "checklist-items" : [
              {
                "attributes" : {
                  "title" : "Tâche n° 1"
                },
                "operation" : "create",
                "type" : "checklist-item"
              },
              {
                "attributes" : {
                  "title" : "Tâche n° 2"
                },
                "operation" : "create",
                "type" : "checklist-item"
              }
            ],
            "notes" : "Vous avez créé une tâche, mais vous réalisez qu'elle s'inscrit dans un projet plus complexe ? Pas de problème ! Dans la barre d'outils ci-dessous, cliquez sur ••• et choisissez Convertir en projet.\n\nCes éléments de la liste de pointage seront transformés en tâches dans votre nouveau projet :",
            "title" : "Convertir une tâche en projet"
          },
          "operation" : "create",
          "type" : "to-do"
        },
        {
          "attributes" : {
            "notes" : "Vous effectuez sûrement certaines activités tous les deux ou trois jours, toutes les semaines ou tous les mois. Créez une tâche récurrente pour que Things vous envoie un rappel à la date correspondante. Vous gagnerez ainsi du temps et vous améliorerez votre organisation.\n\nPour créer une tâche récurrente, sélectionnez Fichier → Nouvelle tâche récurrente.",
            "title" : "Créer des tâches récurrentes"
          },
          "operation" : "create",
          "type" : "to-do"
        },
        {
          "attributes" : {
            "notes" : "Pour explorer tous les raccourcis de Things, allez dans Aide → Raccourcis clavier. Voici les plus importants :\n\n⌘S: choisir quand commencer une tâche\n⌘T: marquer une tâche en Aujourd'hui\n⌘⇧M: déplacer une tâche vers une autre liste\n\n⌘↑: déplacer une tâche vers le haut\n⌘↓: déplacer une tâche vers le bas",
            "title" : "Apprendre quelques raccourcis clavier"
          },
          "operation" : "create",
          "type" : "to-do"
        },
        {
          "attributes" : {
            "notes" : "Things gère le Markdown et vous permet ainsi de structurer et mettre en forme vos notes.\n\nVous ne connaissez pas le Markdown ? Voici comment ça fonctionne : pour mettre en évidence un mot, entourez-le d'astérisques, par exemple *important*. Comme vous pouvez le constater, Things détecte les astérisques et affiche le mot en italique. Si vous supprimez ces astérisques, le texte s'affiche normalement.\n\nVoici d'autres exemples :\n- Utilisez deux astérisques pour mettre du texte en **gras**.\n- Utilisez le signe deux-points pour ::surligner du texte::.\n- Insérez un signe # en début de ligne pour créer un en-tête, par exemple :\n\n# Ceci est un en-tête\n\n---\n\nLe Markdown peut vous sembler un peu étrange, mais c'est une fantastique solution pour mettre en forme rapidement votre texte pendant que vous le saisissez. Vous pouvez également utiliser des raccourcis clavier, visibles dans Édition → Markdown.\n\nPour en savoir plus, consultez notre guide consacré au Markdown : culturedcode.com\/things\/help\/markdown\/",
            "title" : "Structurer vos notes grâce au Markdown"
          },
          "operation" : "create",
          "type" : "to-do"
        },
        {
          "attributes" : {
            "title" : "Avant que vous ne partiez…"
          },
          "operation" : "create",
          "type" : "heading"
        },
        {
          "attributes" : {
            "notes" : "Découvrez en avant-première les dernières fonctionnalités et nouveautés. Suivez-nous sur les réseaux sociaux ou abonnez-vous à notre newsletter : culturedcode.com\/follow\/",
            "title" : "Être informé de notre actualité"
          },
          "operation" : "create",
          "type" : "to-do"
        },
        {
          "attributes" : {
            "notes" : "Si vous appréciez Things, merci de laisser un avis sur l'App Store : vos avis comptent beaucoup pour nous !\n\nculturedcode.com\/things\/mac\/appstore\/",
            "title" : "Noter l’app"
          },
          "operation" : "create",
          "type" : "to-do"
        },
        {
          "attributes" : {
            "notes" : "Vous pouvez aussi télécharger l'application sur vos autres appareils. Things se charge de synchroniser vos données. ✨\n\niPad : culturedcode.com\/things\/ipad\/appstore\/\niPhone : culturedcode.com\/things\/iphone\/appstore\/\nVision : culturedcode.com\/things\/vision\/appstore\/",
            "title" : "Installez Things sur vos autres appareils"
          },
          "operation" : "create",
          "type" : "to-do"
        },
        {
          "attributes" : {
            "notes" : "Si vous avez la moindre question, consultez notre site Web, sur lequel figurent de nombreux articles d'assistance. N'hésitez pas à nous envoyer un message, nous sommes à votre service !\n\nculturedcode.com\/things\/support\/",
            "title" : "Des questions ? Nous sommes à votre service !"
          },
          "operation" : "create",
          "type" : "to-do"
        }
      ],
      "notes" : "Ce projet contient toutes les informations à connaître pour utiliser correctement Things. N'hésitez pas à le modifier : vous pouvez toujours le recréer à partir du menu Aide.",
      "title" : "Découvrez Things pour Mac"
    },
    "operation" : "create",
    "type" : "project"
  }
]
