[
  {
    "attributes" : {
      "items" : [
        {
          "attributes" : {
            "title" : "Первые шаги"
          },
          "operation" : "create",
          "type" : "heading"
        },
        {
          "attributes" : {
            "notes" : "Получилось! Это открытая задача Things. Установите флажок, чтобы отметить ее как выполненную. Выполненные задачи автоматически перемещаются в конец списка.",
            "title" : "Задача первая: дважды щелкнуть здесь"
          },
          "operation" : "create",
          "type" : "to-do"
        },
        {
          "attributes" : {
            "notes" : "Нажмите на клавиатуре ⌘N, и в списке появится новая задача.",
            "title" : "Создание новой задачи"
          },
          "operation" : "create",
          "type" : "to-do"
        },
        {
          "attributes" : {
            "notes" : "Щелкните на значке календаря внизу, чтобы определить срок выполнения задачи. Выберите «Сегодня».",
            "title" : "Добавление задачи в раздел «Сегодня»"
          },
          "operation" : "create",
          "type" : "to-do"
        },
        {
          "attributes" : {
            "notes" : "Снова щелкните на значке календаря, но теперь выберите более позднюю дату. В назначенный день задача автоматически появится в разделе «Сегодня».\n\nЕсли заглянуть внутрь проекта, все запланированные на будущее задачи будут сгруппированы внизу.",
            "title" : "Перенос задачи на потом"
          },
          "operation" : "create",
          "type" : "to-do"
        },
        {
          "attributes" : {
            "notes" : "Выберите пункт меню «Файл» – «Новый раздел», а затем перетащите эту задачу под вновь созданный заголовок раздела.",
            "title" : "Создание раздела"
          },
          "operation" : "create",
          "type" : "to-do"
        },
        {
          "attributes" : {
            "notes" : "Вперед, к новым свершениям! Чтобы добавить собственный проект, нажмите «+ Новый список» в нижней части боковой панели.",
            "title" : "Создание проекта"
          },
          "operation" : "create",
          "type" : "to-do"
        },
        {
          "attributes" : {
            "notes" : "Группируйте проекты и задачи по областям – «Работа», «Финансы», «Здоровье» и так далее.\n\nПопробуйте: нажмите кнопку «+ Новый список» в нижней части боковой панели, чтобы создать область.\n\nВ отличие от проектов, области невозможно завершить или возобновить: они просто существуют в списке.",
            "title" : "Организация по областям"
          },
          "operation" : "create",
          "type" : "to-do"
        },
        {
          "attributes" : {
            "notes" : "Вы познакомились со всеми основными функциями программы. Теперь можно приступать к созданию проектов и задач.\n\nЕсли вам захочется изучить возможности Things более подробно, вы всегда можете вернуться к этому проекту, а потом отметить его как завершенный, нажав на кружок вверху. \n\nНадеемся, что программа Things понравится вам!",
            "title" : "Готово!"
          },
          "operation" : "create",
          "type" : "to-do"
        },
        {
          "attributes" : {
            "title" : "Настройка программы"
          },
          "operation" : "create",
          "type" : "heading"
        },
        {
          "attributes" : {
            "notes" : "Если подключить к Things календарь, события и задачи из него также будут отображаться в общем списке. Чтобы активировать эту опцию, откройте в настройках Things вкладку «Календарь» и установите флажок.",
            "title" : "Объединение с календарем"
          },
          "operation" : "create",
          "type" : "to-do"
        },
        {
          "attributes" : {
            "checklist-items" : [
              {
                "attributes" : {
                  "title" : "Щелкните часы в верхнем правом углу экрана, чтобы открыть Центр уведомлений."
                },
                "operation" : "create",
                "type" : "checklist-item"
              },
              {
                "attributes" : {
                  "title" : "В нижней части Центра уведомлений будет кнопка «Изменить виджеты» — нажмите ее."
                },
                "operation" : "create",
                "type" : "checklist-item"
              },
              {
                "attributes" : {
                  "title" : "Найдите в открывшемся списке Things и добавьте виджет. Внимание: нужно добавить именно виджет Things для Mac — не перепутайте его с виджетом для iPhone."
                },
                "operation" : "create",
                "type" : "checklist-item"
              },
              {
                "attributes" : {
                  "title" : "Щелкните по виджету правой клавишей мыши и укажите, какой список показывать"
                },
                "operation" : "create",
                "type" : "checklist-item"
              }
            ],
            "notes" : "Виджеты помогают быстро открывать нужные списки прямо с экрана «Домой» вашего Mac (требуется macOS 14 или новее).\n\nВиджетов можно создавать сколько угодно. Вот как это делается:",
            "title" : "Виджеты"
          },
          "operation" : "create",
          "type" : "to-do"
        },
        {
          "attributes" : {
            "notes" : "Things Cloud синхронизирует задачи между Mac, iPad, iPhone, Watch и Vision Pro. Чтобы создать бесплатную учетную запись, откройте Things – «Настройки» – Things Cloud.\n\nСоздать учетную запись – хорошая идея, даже если вы пользуетесь Things только на одном устройстве. Ведь данные, сохраненные в облаке, не пропадут, даже если девайс вдруг будет украден или потеряется.",
            "title" : "Синхронизация данных"
          },
          "operation" : "create",
          "type" : "to-do"
        },
        {
          "attributes" : {
            "title" : "Эффективная работа"
          },
          "operation" : "create",
          "type" : "heading"
        },
        {
          "attributes" : {
            "notes" : "Опция «Быстрый ввод» дает возможность добавлять задачи в Things из абсолютно любой программы. Нажмите Ctrl+пробел и увидите сами!",
            "title" : "Добавление задач из других программ"
          },
          "operation" : "create",
          "type" : "to-do"
        },
        {
          "attributes" : {
            "notes" : "Чтобы добавить к задаче ссылку на сообщение электронной почты, сайт или локально сохраненный файл, просто перетащите этот объект в заметку к задаче.\n\nКстати, функция быстрого ввода с автозаполнением умеет добавлять такую контекстную информацию самостоятельно. Включить эту опцию можно в настройках Things (вкладка «Быстрый ввод»).",
            "title" : "Добавление ссылки на письмо, сайт или файл"
          },
          "operation" : "create",
          "type" : "to-do"
        },
        {
          "attributes" : {
            "notes" : "Быстрый поиск – это удобный способ мгновенно попадать в нужное место. Закройте эту заметку и просто начните набирать что угодно – название существующего списка, проекта, задачи. Попробуйте!",
            "title" : "Быстрый поиск"
          },
          "operation" : "create",
          "type" : "to-do"
        },
        {
          "attributes" : {
            "notes" : "Теги помогут структурировать задачи более четко. Вот как их можно использовать:\n\n- проставлять теги «Дом» или «Работа»,\n- отмечать повседневные дела тегом «Домашние дела»,\n- выделять приоритетные задачи тегом «Важное»,\n- уточнять, кто еще одновременно с вами занят в проекте – например, «Лена»,\n- и конечно, создавать любые другие теги.\n\nТеги добавляются нажатием кнопки внизу. Чтобы просмотреть все задачи, отмеченные конкретным тегом, задайте этот тег в поле быстрого поиска.",
            "title" : "Добавление к задачам тегов"
          },
          "operation" : "create",
          "type" : "to-do"
        },
        {
          "attributes" : {
            "checklist-items" : [
              {
                "attributes" : {
                  "title" : "Разогреть духовку до 175ºC"
                },
                "operation" : "create",
                "type" : "checklist-item"
              },
              {
                "attributes" : {
                  "title" : "250 г арахисовой пасты, 200 г сахара и 1 яйцо взбить миксером в однородную массу"
                },
                "operation" : "create",
                "type" : "checklist-item"
              },
              {
                "attributes" : {
                  "title" : "Скатать из теста шарики, выложить на противень, застеленный пергаментной бумагой, немного сплюснуть и вилкой крест-накрест нанести узор в центре"
                },
                "operation" : "create",
                "type" : "checklist-item"
              },
              {
                "attributes" : {
                  "title" : "Выпекать 10 минут, затем дать остыть пару минут"
                },
                "operation" : "create",
                "type" : "checklist-item"
              }
            ],
            "notes" : "Формат чек-листа хорошо подходит для пошаговых инструкций или списков – что купить на ужин, что взять с собой в дорогу и т.п. Просто разбивайте задачи на подпункты и отмечайте их галочкой по мере выполнения. \n\n…кстати, оказывается, испечь печенье из арахисовой пасты проще простого. 😃",
            "title" : "Добавление к задачам чек-листов"
          },
          "operation" : "create",
          "type" : "to-do"
        },
        {
          "attributes" : {
            "notes" : "Чтобы оптимально спланировать распорядок дня, с утра просматривайте раздел «Сегодня». Ну а если все-таки волнуетесь, что нечаянно забудете о важной задаче, установите для нее напоминание.\n\nНажмите значок календаря внизу и наберите «пн 15:00».",
            "title" : "Напоминания"
          },
          "operation" : "create",
          "type" : "to-do"
        },
        {
          "attributes" : {
            "notes" : "Если вы планируете в Things рутинные домашние дела вроде уборки или походов по магазинам, то скорее всего, их место – в вечернем графике. Щелкните по значку календаря ниже и выберите «Сегодня вечером».",
            "title" : "Планы на вечер"
          },
          "operation" : "create",
          "type" : "to-do"
        },
        {
          "attributes" : {
            "notes" : "Со временем боковое меню наполняется множеством задач и проектов – в том числе несрочных. Чтобы не отвлекаться на них, на время скройте меню, потянув его правую границу до упора влево или нажав ⌘\/",
            "title" : "Временное отключение бокового меню"
          },
          "operation" : "create",
          "type" : "to-do"
        },
        {
          "attributes" : {
            "notes" : "В ходе работы над проектом бывает просто необходимо держать перед глазами несколько списков одновременно. Щелкните любой список в боковом меню правой клавишей мыши – и он откроется в отдельном окне.",
            "title" : "Работа с несколькими окнами"
          },
          "operation" : "create",
          "type" : "to-do"
        },
        {
          "attributes" : {
            "checklist-items" : [
              {
                "attributes" : {
                  "title" : "Задача № 1"
                },
                "operation" : "create",
                "type" : "checklist-item"
              },
              {
                "attributes" : {
                  "title" : "Задача № 2"
                },
                "operation" : "create",
                "type" : "checklist-item"
              }
            ],
            "notes" : "Может случиться, что вы создадите задачу, но затем поймете, что одним шагом не обойтись, и дело требует целого проекта. Просто нажмите ••• на панели внизу и выберите пункт «Сделать проектом».\n\nПункты чек-листа превратятся в отдельные задачи нового проекта.",
            "title" : "Преобразование задачи в проект"
          },
          "operation" : "create",
          "type" : "to-do"
        },
        {
          "attributes" : {
            "notes" : "Некоторые задачи нужно выполнять каждые несколько дней, недель или месяцев. Создайте повторяющуюся задачу, и Things будет автоматически напоминать вам о ней в нужный день.\n\nДля создания повторяющейся задачи выберите «Файл» – «Новая повторяющаяся задача».",
            "title" : "Установка задачи на повтор"
          },
          "operation" : "create",
          "type" : "to-do"
        },
        {
          "attributes" : {
            "notes" : "Вот самые важные горячие клавиши Things:\n\n⌘S: выбрать дату для задачи\n⌘T: поставить задачу в список «Сегодня»\n⌘⇧M: переместить задачу в другой список\n\n⌘↑: подвинуть задачу вверх\n⌘↓: подвинуть задачу вниз",
            "title" : "Самые важные горячие клавиши"
          },
          "operation" : "create",
          "type" : "to-do"
        },
        {
          "attributes" : {
            "notes" : "Теперь в Things можно использовать Markdown. Это помогает визуально оформить и структурировать любую заметку.\n\nЕсли вы еще не работали с Markdown, краткая справка. Чтобы визуально выделить важное слово, поставьте по обеим сторонам звездочки: *выделение*. Как мы видим, Things автоматически распознает это и показывает слово курсивом. Если удалить звездочки, это снова вернет обычный шрифт. \n\nЕще пара примеров:\n\n- Двойные звёздочки делают текст жирным. \n- Двоеточия ::подсвечивают:: слово или фразу. \n- Знак решётки в начале (#) создаёт заголовок:\n\n# Заголовок.\n\n---\n\nТакой подход кажется непривычным, но поработайте с ним немного, и вы увидите, как с ним удобно на лету изменять вид текста. Особенно легко это делается через горячие клавиши. Вы найдёте их в меню «Правка» – Markdown.\n\nПодробнее об этом можно почитать в руководстве по Markdown на нашем сайте: culturedcode.com\/things\/help\/markdown\/",
            "title" : "Добавление структуры с помощью Markdown"
          },
          "operation" : "create",
          "type" : "to-do"
        },
        {
          "attributes" : {
            "title" : "Заключение"
          },
          "operation" : "create",
          "type" : "heading"
        },
        {
          "attributes" : {
            "notes" : "Мы продолжаем совершенствовать Things и добавлять новые возможности. Хотите оперативно узнавать о них? Читайте нас в соцсетях или подписывайтесь на нашу рассылку: culturedcode.com\/follow\/",
            "title" : "Наши новости и планы"
          },
          "operation" : "create",
          "type" : "to-do"
        },
        {
          "attributes" : {
            "notes" : "Мы будем очень рады, если вы поставите Things оценку в App Store.\n\nculturedcode.com\/things\/mac\/appstore\/",
            "title" : "Оцените нас"
          },
          "operation" : "create",
          "type" : "to-do"
        },
        {
          "attributes" : {
            "notes" : "У нас есть версии Things для всех яблочных устройств, с полной синхронизацией данных. ✨\n\niPad: culturedcode.com\/things\/ipad\/appstore\/\niPhone: culturedcode.com\/things\/iphone\/appstore\/\nVision: culturedcode.com\/things\/vision\/appstore\/",
            "title" : "Things для других устройств"
          },
          "operation" : "create",
          "type" : "to-do"
        },
        {
          "attributes" : {
            "notes" : "У вас остались вопросы по работе с программой? На нашем сайте вы найдете большую подборку справочных статей, руководств и полезных советов. Также вы всегда можете написать нам напрямую – мы всегда рады помочь!\n\nculturedcode.com\/things\/support\/",
            "title" : "Вопросы? Задавайте!"
          },
          "operation" : "create",
          "type" : "to-do"
        }
      ],
      "notes" : "В этом проекте содержится вся основная информация о том, как работать с Things. Его можно создавать через меню «Справка» сколько угодно раз, поэтому экспериментируйте с ним без опаски.",
      "title" : "Things для Mac – пробный проект"
    },
    "operation" : "create",
    "type" : "project"
  }
]
