[
  {
    "attributes" : {
      "items" : [
        {
          "attributes" : {
            "title" : "Aprendiendo lo esencial"
          },
          "operation" : "create",
          "type" : "heading"
        },
        {
          "attributes" : {
            "notes" : "Lo que está viendo es una tarea. Para finalizarla, marque la casilla de la izquierda. Las tareas finalizadas se recopilan en la parte inferior del proyecto.",
            "title" : "Haga doble clic en esta tarea"
          },
          "operation" : "create",
          "type" : "to-do"
        },
        {
          "attributes" : {
            "notes" : "Su turno: pulse ⌘N en el teclado.",
            "title" : "Cree una nueva tarea"
          },
          "operation" : "create",
          "type" : "to-do"
        },
        {
          "attributes" : {
            "notes" : "Pulse el botón de calendario que hay debajo para planificar cuándo hará esta tarea. Seleccione Hoy.",
            "title" : "Añada esta tarea a la lista Hoy"
          },
          "operation" : "create",
          "type" : "to-do"
        },
        {
          "attributes" : {
            "notes" : "Vuelva a pulsar el botón del calendario, pero esta vez escoja una fecha futura. Aparecerá automáticamente en su lista Hoy cuando llegue el día.\n\nDentro de los proyectos, las tareas programadas para una fecha posterior aparecerán en la parte inferior.",
            "title" : "Planifique esta tarea para más tarde"
          },
          "operation" : "create",
          "type" : "to-do"
        },
        {
          "attributes" : {
            "notes" : "Vaya a Archivo → Nuevo encabezamiento para crear un encabezamiento, y a continuación arrastre esta tarea debajo de él.",
            "title" : "Cree un nuevo encabezamiento"
          },
          "operation" : "create",
          "type" : "to-do"
        },
        {
          "attributes" : {
            "notes" : "Pasemos a cosas de mayor importancia. En la parte inferior de la barra lateral, pulse “+ Nueva lista” para añadir su propio proyecto.",
            "title" : "Crear un proyecto"
          },
          "operation" : "create",
          "type" : "to-do"
        },
        {
          "attributes" : {
            "notes" : "Cree un área para cada ámbito de su vida; por ejemplo, Trabajo, Familia, Dinero, etc. Puede arrastrar los proyectos a las distintas áreas para organizarse.\n\nEn la parte inferior de la barra lateral, pulse “+ Nueva lista” para crear una.\n\nA diferencia de los proyectos, las áreas no se finalizan.",
            "title" : "Organizarse con las áreas"
          },
          "operation" : "create",
          "type" : "to-do"
        },
        {
          "attributes" : {
            "notes" : "Y eso es todo lo que necesita saber. Ya puede añadir sus propios proyectos y tareas.\n\nPuede regresar a este proyecto más adelante para aprender a usar las funciones avanzadas enumeradas debajo. Cuando haya terminado con el proyecto, pulse el anillo de progreso que hay en la parte superior para marcarlo como finalizado.\n\n¡Disfrute usando Things!",
            "title" : "¡Ya ha terminado!"
          },
          "operation" : "create",
          "type" : "to-do"
        },
        {
          "attributes" : {
            "title" : "Opciones a su medida"
          },
          "operation" : "create",
          "type" : "heading"
        },
        {
          "attributes" : {
            "notes" : "Puede conectar sus calendarios a Things y ver todos sus eventos y tareas juntos. Vaya a Things → Ajustes (o Preferencias) → Calendario para activarlo.",
            "title" : "Muestre los eventos de su calendario"
          },
          "operation" : "create",
          "type" : "to-do"
        },
        {
          "attributes" : {
            "checklist-items" : [
              {
                "attributes" : {
                  "title" : "En la esquina superior derecha de la pantalla, pulse la hora para mostrar el Centro de Notificaciones"
                },
                "operation" : "create",
                "type" : "checklist-item"
              },
              {
                "attributes" : {
                  "title" : "En la parte inferior del Centro de Notificaciones, pulse el botón Editar widgets"
                },
                "operation" : "create",
                "type" : "checklist-item"
              },
              {
                "attributes" : {
                  "title" : "Busque Things y añada un widget (asegúrese de añadir uno de los widgets de la versión para Mac de Things, no de la versión para iPhone)"
                },
                "operation" : "create",
                "type" : "checklist-item"
              },
              {
                "attributes" : {
                  "title" : "Haga clic en el widget con el botón secundario del ratón para seleccionar qué lista debe mostrar"
                },
                "operation" : "create",
                "type" : "checklist-item"
              }
            ],
            "notes" : "Los widgets permiten acceder rápidamente a sus listas desde el escritorio del Mac (macOS 14 o posterior), o desde el Centro de Notificaciones que hay en el lado derecho de la pantalla.\n\nPuede añadir todos los widgets que quiera. Esta es la forma de hacerlo:",
            "title" : "Añada varios widgets"
          },
          "operation" : "create",
          "type" : "to-do"
        },
        {
          "attributes" : {
            "notes" : "Things Cloud mantiene sus tareas sincronizadas entre el Mac, el iPad, el iPad, el iPhone, el Apple Watch y el Vision Pro. Vaya a los Ajustes (o Preferencias) de Things → Things Cloud para crear una cuenta gratuita.\n\nAunque solo use un dispositivo, le recomendamos que cree una cuenta de Things Cloud: esto garantiza que siempre tendrá una copia de seguridad de sus datos.",
            "title" : "Sincronice todos sus dispositivos"
          },
          "operation" : "create",
          "type" : "to-do"
        },
        {
          "attributes" : {
            "title" : "Aumente su productividad"
          },
          "operation" : "create",
          "type" : "heading"
        },
        {
          "attributes" : {
            "notes" : "Da igual en qué aplicación se encuentre: puede usar Entrada rápida para añadir tareas a Things. Pruébelo pulsando Ctrl+Espacio.",
            "title" : "Añada tareas desde cualquier lugar"
          },
          "operation" : "create",
          "type" : "to-do"
        },
        {
          "attributes" : {
            "notes" : "Puede enlazar mensajes de correo, archivos y páginas web con solo arrastrarlas a las notas de una tarea.\n\nLo que es mejor: puede usar la función Autorrelleno de Entrada rápida para hacerlo automáticamente. Para activar Autorrelleno, vaya a Things → Ajustes (o Preferencias) → Entrada rápida.",
            "title" : "Enlace correos, archivos y páginas web"
          },
          "operation" : "create",
          "type" : "to-do"
        },
        {
          "attributes" : {
            "notes" : "Buscar cosas es facilísimo con la Búsqueda rápida. Repliegue esta tarea y empiece a escribir el nombre de una lista, proyecto, tarea o etiqueta: irá allí al momento.",
            "title" : "Busque y navegue con Búsqueda rápida"
          },
          "operation" : "create",
          "type" : "to-do"
        },
        {
          "attributes" : {
            "notes" : "Las etiquetas le permiten personalizar su proceso de trabajo en Things.\n\nPor ejemplo, puede…\n- Usar etiquetas para lugares como “Oficina” o “Casa”.\n- Etiquetar todos sus “Recados”.\n- Dar prioridad a las tareas con la etiqueta “Importante”.\n- Etiquetar las cosas en las que trabaja con una compañera llamada “Nuria”.\n- O puede inventarse sus propias etiquetas.\n\nPara añadir una etiqueta, toque el botón de la etiqueta que hay abajo. Para ver todas las tareas con cierta etiqueta, use la Búsqueda rápida para encontrarlas.",
            "title" : "Etiquete sus tareas"
          },
          "operation" : "create",
          "type" : "to-do"
        },
        {
          "attributes" : {
            "checklist-items" : [
              {
                "attributes" : {
                  "title" : "Precalentar el horno a 175 °C (350 °F)"
                },
                "operation" : "create",
                "type" : "checklist-item"
              },
              {
                "attributes" : {
                  "title" : "Mezclar con la batidora eléctrica 1 taza de mantequilla de cacahuete, 1 taza de azúcar refinado y 1 huevo hasta que quede suave y cremoso"
                },
                "operation" : "create",
                "type" : "checklist-item"
              },
              {
                "attributes" : {
                  "title" : "Ponerlo como bolitas sobre papel de horno y aplastarlas con un tenedor, formando un dibujo entrecruzado"
                },
                "operation" : "create",
                "type" : "checklist-item"
              },
              {
                "attributes" : {
                  "title" : "Hornear durante 10 minutos y dejar enfriar 2 minutos"
                },
                "operation" : "create",
                "type" : "checklist-item"
              }
            ],
            "notes" : "Descomponga una tarea en pasos más pequeños añadiendo una lista de verificación. Puede usarla para llevar el control de una rutina diaria, para hacer el equipaje, para la lista de la compra, etc.\n\n¿Y quién se iba a imaginar que sería tan fácil hacer galletas de mantequilla de cacahuete? 😃",
            "title" : "Vaya paso a paso con las listas de verificación"
          },
          "operation" : "create",
          "type" : "to-do"
        },
        {
          "attributes" : {
            "notes" : "Es muy buena costumbre comprobar la lista Hoy cada mañana para ver qué tiene que hacer. Pero para esas tareas que no puede pasar por alto bajo ningún concepto, crear recordatorios le permitirá ir sobre seguro.\n\nPulse el botón del calendario que hay abajo y escriba “lunes 15:00”.",
            "title" : "Cree un recordatorio para no olvidarlo"
          },
          "operation" : "create",
          "type" : "to-do"
        },
        {
          "attributes" : {
            "notes" : "A medida que use Things para gestionar su vida personal y su trabajo, verá que resulta cómodo posponer algunas tareas para otro momento del día. Pulse el botón del calendario que hay abajo y seleccione “Esta noche”.",
            "title" : "Planifique la noche"
          },
          "operation" : "create",
          "type" : "to-do"
        },
        {
          "attributes" : {
            "notes" : "Trabaje sin distracciones ocultando la barra lateral. Solo tiene que arrastrar el tirador hasta la izquierda o pulsar ⌘\/",
            "title" : "Oculte la barra lateral para centrarse en el trabajo"
          },
          "operation" : "create",
          "type" : "to-do"
        },
        {
          "attributes" : {
            "notes" : "A medida que organice sus tareas, puede resultar muy útil tener varias listas abiertas una junto a la otra. Pulse con el botón secundario cualquier lista de la barra lateral para abrirla en una nueva ventana.",
            "title" : "Abra varias ventanas"
          },
          "operation" : "create",
          "type" : "to-do"
        },
        {
          "attributes" : {
            "checklist-items" : [
              {
                "attributes" : {
                  "title" : "Tarea n.º 1"
                },
                "operation" : "create",
                "type" : "checklist-item"
              },
              {
                "attributes" : {
                  "title" : "Tarea n.º 2"
                },
                "operation" : "create",
                "type" : "checklist-item"
              }
            ],
            "notes" : "Puede que a veces cree una tarea pero luego vea que se trata de un proyecto más complejo. No hay problema. En la barra de herramientas que hay abajo, pulse ••• y seleccione Convertir en proyecto.\n\nEstos elementos de la lista de verificación se convertirán en tareas dentro del nuevo proyecto:",
            "title" : "Convierta una tarea en un proyecto"
          },
          "operation" : "create",
          "type" : "to-do"
        },
        {
          "attributes" : {
            "notes" : "Hay ciertas cosas que hace cada pocos días, semanas o meses. Cree una tarea recurrente y Things se lo recordará automáticamente el día indicado. Permite ahorrar mucho tiempo y evitar olvidos.\n\nPara crear una, vaya a Archivo → Nueva tarea recurrente.",
            "title" : "Haga que sus tareas se repitan"
          },
          "operation" : "create",
          "type" : "to-do"
        },
        {
          "attributes" : {
            "notes" : "Para explorar todos los atajos de teclado de Things, vaya a Ayuda → Atajos de teclado. Estos son los más importantes:\n\n⌘S: seleccionar cuándo iniciar una tarea\n⌘T: marcar una tarea para realizar Hoy\n⌘⇧M: trasladar una tarea a otra lista\n\n⌘↑: subir una tarea\n⌘↓: bajar una tarea",
            "title" : "Conozca algunos atajos de teclado"
          },
          "operation" : "create",
          "type" : "to-do"
        },
        {
          "attributes" : {
            "notes" : "Things permite usar Markdown para añadir estructura y estilo a las notas. \n\nSi conoce Markdown, funciona así. Para dar énfasis a una palabra, añada asteriscos antes y después: *con énfasis*. Como puede ver, Things lo detecta y muestra la palabra en cursiva. Si borra los asteriscos, volverá a mostrarse de forma normal. \n\nAquí hay algunos ejemplos más: \n- Use dos asteriscos para que un texto esté en **negrita**\n- Use los dos puntos para ::resaltar texto::\n- Inserte “#” al principio de una línea para crear un encabezamiento: \n\n# Esto es un encabezamiento\n\n---\n\nMarkdown tiene sus rarezas, pero es estupendo para dar estilo al texto rápidamente mientras se escribe. También puede usar atajos de teclado, que encontrará en Edición → Markdown. \n\nPara obtener más información, consulte nuestra Guía sobre Markdown: culturedcode.com\/things\/help\/markdown\/",
            "title" : "Estructura para las notas con Markdown"
          },
          "operation" : "create",
          "type" : "to-do"
        },
        {
          "attributes" : {
            "title" : "Antes de que se vaya…"
          },
          "operation" : "create",
          "type" : "heading"
        },
        {
          "attributes" : {
            "notes" : "Entérese antes que nadie de las últimas prestaciones y novedades. Síganos en redes sociales o suscríbase a nuestro boletín: culturedcode.com\/follow\/",
            "title" : "Esté al tanto de todo"
          },
          "operation" : "create",
          "type" : "to-do"
        },
        {
          "attributes" : {
            "notes" : "Si le gusta Things, le agradeceríamos que dejara una valoración en el App Store. Nos ayudaría enormemente.\n\nculturedcode.com\/things\/mac\/appstore\/",
            "title" : "Valorar la app"
          },
          "operation" : "create",
          "type" : "to-do"
        },
        {
          "attributes" : {
            "notes" : "También puede conseguir la app para sus otros dispositivos. Things lo mantiene todo sincronizado. ✨\n\niPad: culturedcode.com\/things\/ipad\/appstore\/\niPhone: culturedcode.com\/things\/iphone\/appstore\/\nVision: culturedcode.com\/things\/vision\/appstore\/",
            "title" : "Obtenga Things para sus otros dispositivos"
          },
          "operation" : "create",
          "type" : "to-do"
        },
        {
          "attributes" : {
            "notes" : "Si tiene alguna duda, tenemos una gran colección de artículos de ayuda en nuestra web. También puede enviarnos un mensaje; estaremos encantados de echarle una mano.\n\nculturedcode.com\/things\/support\/",
            "title" : "¿Alguna pregunta? ¡Estamos para ayudar!"
          },
          "operation" : "create",
          "type" : "to-do"
        }
      ],
      "notes" : "Este proyecto muestra todo lo que necesita saber para empezar a usar ya mismo la aplicación. No dude en experimentar; siempre puede crear una nueva desde el menú Ayuda.",
      "title" : "Descubra Things Mac"
    },
    "operation" : "create",
    "type" : "project"
  }
]
